Ref,Val,Package,PosX,PosY,Rot,Side
"D1","D_Small","D_SOD-123",-49.875000,-316.775000,90.000000,bottom
"D2","D_Small","D_SOD-123",-30.700000,-316.725000,90.000000,bottom
"D3","D_Small","D_SOD-123",-11.625000,-316.775000,90.000000,bottom
"D4","D_Small","D_SOD-123",7.425000,-316.900000,90.000000,bottom
"D5","D_Small","D_SOD-123",26.325000,-316.725000,90.000000,bottom
"D6","D_Small","D_SOD-123",45.450000,-316.825000,90.000000,bottom
"D7","D_Small","D_SOD-123",64.550000,-316.775000,90.000000,bottom
"D8","D_Small","D_SOD-123",83.565625,-316.775000,90.000000,bottom
"D9","D_Small","D_SOD-123",102.500000,-316.550000,90.000000,bottom
"D10","D_Small","D_SOD-123",121.850000,-316.825000,90.000000,bottom
"D11","D_Small","D_SOD-123",140.625000,-316.725000,90.000000,bottom
"D12","D_Small","D_SOD-123",159.750000,-316.950000,90.000000,bottom
"D13","D_Small","D_SOD-123",178.815625,-316.675000,90.000000,bottom
"D14","D_Small","D_SOD-123",197.825000,-316.950000,90.000000,bottom
"D15","D_Small","D_SOD-123",216.875000,-316.725000,90.000000,bottom
"D16","D_Small","D_SOD-123",236.050000,-316.825000,90.000000,bottom
"D17","D_Small","D_SOD-123",-45.100000,-335.775000,90.000000,bottom
"D18","D_Small","D_SOD-123",-21.325000,-335.850000,90.000000,bottom
"D19","D_Small","D_SOD-123",-2.450000,-335.900000,90.000000,bottom
"D20","D_Small","D_SOD-123",16.850000,-336.000000,90.000000,bottom
"D21","D_Small","D_SOD-123",35.975000,-335.850000,90.000000,bottom
"D22","D_Small","D_SOD-123",54.925000,-335.675000,90.000000,bottom
"D23","D_Small","D_SOD-123",74.250000,-335.725000,90.000000,bottom
"D24","D_Small","D_SOD-123",92.975000,-335.950000,90.000000,bottom
"D25","D_Small","D_SOD-123",111.975000,-335.900000,90.000000,bottom
"D26","D_Small","D_SOD-123",131.050000,-335.900000,90.000000,bottom
"D27","D_Small","D_SOD-123",150.275000,-335.900000,90.000000,bottom
"D28","D_Small","D_SOD-123",169.350000,-335.775000,90.000000,bottom
"D29","D_Small","D_SOD-123",188.300000,-335.725000,90.000000,bottom
"D30","D_Small","D_SOD-123",212.350000,-335.900000,90.000000,bottom
"D31","D_Small","D_SOD-123",236.000000,-335.675000,90.000000,bottom
"D32","D_Small","D_SOD-123",-42.700000,-354.975000,90.000000,bottom
"D33","D_Small","D_SOD-123",-16.400000,-354.975000,90.000000,bottom
"D34","D_Small","D_SOD-123",2.650000,-354.875000,90.000000,bottom
"D35","D_Small","D_SOD-123",21.625000,-354.925000,90.000000,bottom
"D36","D_Small","D_SOD-123",40.700000,-354.875000,90.000000,bottom
"D37","D_Small","D_SOD-123",59.753125,-354.975000,90.000000,bottom
"D38","D_Small","D_SOD-123",78.825000,-354.975000,90.000000,bottom
"D39","D_Small","D_SOD-123",97.800000,-355.225000,90.000000,bottom
"D40","D_Small","D_SOD-123",116.850000,-354.875000,90.000000,bottom
"D41","D_Small","D_SOD-123",135.825000,-354.875000,90.000000,bottom
"D42","D_Small","D_SOD-123",154.900000,-355.025000,90.000000,bottom
"D43","D_Small","D_SOD-123",174.050000,-354.875000,90.000000,bottom
"D44","D_Small","D_SOD-123",205.100000,-354.875000,90.000000,bottom
"D45","D_Small","D_SOD-123",235.900000,-355.300000,90.000000,bottom
"D46","D_Small","D_SOD-123",-37.900000,-373.975000,90.000000,bottom
"D47","D_Small","D_SOD-123",-6.875000,-374.025000,90.000000,bottom
"D48","D_Small","D_SOD-123",12.075000,-374.075000,90.000000,bottom
"D49","D_Small","D_SOD-123",31.150000,-374.075000,90.000000,bottom
"D50","D_Small","D_SOD-123",50.150000,-374.075000,90.000000,bottom
"D51","D_Small","D_SOD-123",69.275000,-374.025000,90.000000,bottom
"D52","D_Small","D_SOD-123",88.275000,-374.075000,90.000000,bottom
"D53","D_Small","D_SOD-123",107.450000,-374.125000,90.000000,bottom
"D54","D_Small","D_SOD-123",126.500000,-374.025000,90.000000,bottom
"D55","D_Small","D_SOD-123",145.525000,-373.850000,90.000000,bottom
"D56","D_Small","D_SOD-123",164.525000,-374.125000,90.000000,bottom
"D57","D_Small","D_SOD-123",190.625000,-374.125000,90.000000,bottom
"D58","D_Small","D_SOD-123",217.000000,-374.075000,90.000000,bottom
"D59","D_Small","D_SOD-123",235.950000,-374.200000,90.000000,bottom
"D60","D_Small","D_SOD-123",-49.775000,-393.200000,90.000000,bottom
"D61","D_Small","D_SOD-123",-30.800000,-393.125000,90.000000,bottom
"D62","D_Small","D_SOD-123",-11.600000,-393.050000,90.000000,bottom
"D63","D_Small","D_SOD-123",7.365625,-393.075000,90.000000,bottom
"D64","D_Small","D_SOD-123",83.525000,-393.075000,90.000000,bottom
"D65","D_Small","D_SOD-123",159.700000,-393.125000,90.000000,bottom
"D66","D_Small","D_SOD-123",178.775000,-393.075000,90.000000,bottom
"D67","D_Small","D_SOD-123",197.950000,-393.250000,90.000000,bottom
"D68","D_Small","D_SOD-123",216.900000,-393.200000,90.000000,bottom
"D69","D_Small","D_SOD-123",235.725000,-393.300000,90.000000,bottom
"BOOT1","SW_SPST","SW_SPST_TL3342",29.665023,-388.657787,0.000000,top
"C1","100nF","C_0402_1005Metric",108.154371,-391.630837,45.000000,top
"C2","10uF","C_0402_1005Metric",118.205482,-393.879231,0.000000,top
"C3","100nF","C_0402_1005Metric",112.266071,-393.743642,-135.000000,top
"C4","100nF","C_0402_1005Metric",101.790410,-381.043218,135.000000,top
"C5","100nF","C_0402_1005Metric",101.531915,-393.486484,-45.000000,top
"C6","100nF","C_0402_1005Metric",102.851070,-394.124693,-135.000000,top
"C7","100nF","C_0402_1005Metric",107.270487,-390.746953,-135.000000,top
"C8","100nF","C_0402_1005Metric",40.600000,-392.975000,-90.000000,top
"C9","1uF","C_0402_1005Metric",121.105482,-389.784231,90.000000,top
"C10","1uF","C_0402_1005Metric",118.336377,-392.616510,0.000000,top
"C43","0.1uF","C_0402_1005Metric",118.254232,-383.314231,180.000000,top
"C44","0.1uF","C_0402_1005Metric",121.245604,-383.324231,180.000000,top
"F1","500mA","Fuse_1206_3216Metric",113.875482,-385.881731,0.000000,top
"R1","5.1k","R_0402_1005Metric",39.590000,-391.075000,0.000000,top
"R2","5.1k","R_0402_1005Metric",40.540000,-389.925000,180.000000,top
"R3","5.1k","R_0402_1005Metric",36.143906,-389.814756,90.000000,top
"R4","5.1k","R_0402_1005Metric",35.260000,-388.275000,180.000000,top
"RST1","SW_SPST","SW_SPST_TL3342",18.700000,-388.475000,180.000000,top
"U1","STM32F072CBT6","LQFP-48_7x7mm_P0.5mm",101.708692,-387.299299,135.000000,top
"U2","PRTR5V0U2X","SOT-143",43.400000,-391.125000,180.000000,top
"U3","XC6206PxxxMR-Regulator_Linear","SOT-23",118.455482,-390.341731,0.000000,top
"U5","TXB0101","C_0402_1005Metric",119.775604,-385.354231,0.000000,top
